day;temp;pressure;windDir(from);windSpeed;weather;cloud;temp;pressure;windDir(from);windSpeed;weather;cloud
0;1;742;270;2;1;10;2;741;270;2;0;10
1;2;733;180;3;1;10;1;725;180;3;2;10
2;1;721;225;4;2;10;0;719;225;4;2;10
3;-1;722;270;3;2;10;-6;727;270;3;0;10
4;-17;739;0;4;2;10;-16;744;0;4;2;10
5;-16;755;315;3;0;3;-17;756;315;3;2;10
6;-15;760;270;1;0;1;-17;759;270;1;0;1
7;-10;748;225;3;2;10;-11;745;225;3;0;10
8;-7;730;180;4;2;10;-8;726;180;4;2;10
9;-7;731;180;1;2;10;-6;730;180;1;2;10
10;-2;720;135;4;2;10;-2;720;135;4;2;10
11;0;728;315;3;2;10;-3;733;315;3;2;10
12;1;730;270;4;2;10;2;735;270;4;0;10
13;3;737;270;4;0;3;0;740;270;4;0;3
14;1;744;270;3;2;10;1;747;270;3;0;10
15;-1;749;180;4;0;10;0;746;180;4;2;10
16;1;746;180;3;1;10;1;744;180;3;0;10
17;1;746;225;3;0;10;0;746;225;3;0;10
18;1;751;270;2;0;10;0;752;270;2;2;10
19;-10;761;90;1;0;1;-20;762;90;1;0;1
21;-17;760;90;1;0;10;-13;759;90;1;2;10
22;-4;757;180;2;0;10;-5;755;180;2;2;10
23;-1;754;270;2;0;10;-3;757;270;2;0;10
24;-1;757;180;3;0;3;-6;757;180;3;0;3
25;-10;753;180;1;2;10;-9;753;180;1;2;10
26;-9;749;180;2;0;3;-8;748;180;2;2;10
27;-3;744;180;3;2;5;-4;743;180;3;0;5
28;-1;739;180;4;2;10;-1;739;180;4;0;10
29;0;739;180;3;2;10;-1;738;180;3;2;10
30;-1;734;135;3;0;10;2;732;135;3;1;10
0;1;730;180;6;2;5;1;733;180;6;0;10
1;0;733;225;2;0;1;-6;737;225;2;0;1
2;-6;742;0;1;0;10;-8;742;0;1;0;10
3;-7;747;315;2;2;10;-6;749;315;2;2;10
4;-7;753;0;2;2;10;-8;755;0;2;2;10
5;-5;747;225;5;0;10;-6;742;225;5;2;10
6;-3;737;225;1;0;1;-5;731;225;1;0;10
7;-1;721;180;2;2;10;-3;723;180;2;2;10
8;-7;737;315;4;2;10;-10;742;315;4;0;1
9;-5;746;225;4;0;10;-4;746;225;4;2;10
10;2;749;270;4;0;10;1;751;270;4;0;5
11;1;749;225;5;0;10;0;749;225;5;0;10
12;1;755;315;2;0;10;0;755;315;2;0;10
13;-3;752;270;2;0;10;-3;751;270;2;0;10
14;-5;756;0;8;0;5;-8;762;0;8;0;1
15;-5;769;315;3;0;1;-10;768;315;3;0;1
16;-2;767;270;2;0;1;-5;764;270;2;0;1
17;-4;750;225;4;0;10;-5;748;225;4;2;10
18;1;749;270;2;0;3;-1;746;270;2;2;10
19;3;742;270;3;0;10;2;742;270;3;0;10
20;2;743;225;4;0;10;0;745;225;4;0;10
21;3;743;225;5;0;10;0;745;225;5;0;1
22;2;749;225;2;0;10;1;750;225;2;0;10
23;5;748;180;3;0;10;5;749;180;3;0;10
24;5;753;180;2;0;1;0;754;180;2;0;1
25;4;756;180;3;0;1;-3;756;180;3;0;5
26;0;754;135;2;0;10;0;753;135;2;0;10
27;1;749;180;2;1;10;1;750;180;2;0;10
0;2;751;135;2;0;10;1;749;135;2;2;10
1;1;746;180;3;2;10;2;746;180;3;0;10
2;1;746;135;5;0;10;1;747;135;5;0;10
3;2;749;180;2;0;10;-1;751;180;2;0;10
4;2;755;90;3;0;5;0;756;90;3;0;10
6;5;758;180;3;0;1;3;756;180;3;0;10
7;3;749;225;3;0;10;3;749;225;3;1;10
8;9;748;225;3;0;5;6;749;225;3;0;10
9;8;755;225;2;0;1;3;752;225;2;0;1
10;8;751;270;4;0;10;-1;752;270;4;0;1
11;5;762;45;3;0;1;1;765;45;3;0;1
12;5;770;90;4;0;1;-1;770;90;4;0;1
13;8;770;90;2;0;1;-2;770;90;2;0;1
14;10;773;90;1;0;1;4;773;90;1;0;1
15;10;776;45;1;0;1;-2;776;45;1;0;1
16;12;773;90;1;0;1;-1;772;90;1;0;1
17;13;767;90;1;0;1;-1;765;90;1;0;1
18;12;759;180;1;0;1;4;755;180;1;0;1
19;9;746;270;4;0;1;6;744;270;4;0;10
20;2;742;315;2;0;10;0;743;315;2;0;10
21;-3;749;0;4;2;10;-7;750;0;4;0;1
22;1;746;225;6;0;10;-1;743;225;6;2;10
23;3;737;270;5;0;10;3;740;270;5;0;10
24;1;752;45;2;0;10;-1;755;45;2;0;10
25;2;760;90;4;0;1;-2;760;90;4;0;1
26;4;761;135;6;0;1;0;761;135;6;0;1
27;4;758;180;6;0;3;3;758;180;6;0;5
28;3;752;135;7;0;10;2;750;135;7;0;10
29;1;743;135;8;0;10;-1;743;135;8;2;10
30;0;740;135;7;2;10;-1;740;135;7;2;10
0;1;738;135;6;0;10;0;738;135;6;2;10
1;4;736;180;6;0;10;4;739;180;6;0;10
2;2;743;90;2;1;10;1;743;90;2;1;10
3;3;746;135;3;0;10;2;749;135;3;0;1
4;3;750;90;3;0;10;2;751;90;3;0;10
5;3;750;315;1;0;10;2;752;315;1;0;10
6;8;749;270;4;0;1;0;749;270;4;0;1
7;8;741;225;5;0;5;1;742;225;5;0;5
8;8;744;315;5;0;5;5;744;315;5;0;1
9;9;743;315;4;0;10;7;744;315;4;0;3
10;12;747;315;4;0;1;2;750;315;4;0;1
11;19;747;225;4;0;1;12;743;225;4;0;10
12;10;746;270;4;0;10;6;744;270;4;0;3
13;5;737;135;4;1;10;3;737;135;4;1;10
14;4;737;270;3;0;3;0;737;270;3;0;3
15;2;727;90;3;1;10;1;733;90;3;1;10
16;6;739;315;2;1;10;4;740;315;2;0;3
17;3;743;0;3;0;10;-1;743;0;3;0;3
18;1;741;315;4;0;10;-3;740;315;4;0;3
19;2;740;0;4;0;10;3;741;0;4;0;10
21;10;743;270;5;0;5;5;740;270;5;1;10
22;5;730;225;6;1;10;3;729;225;6;0;3
23;6;737;270;4;0;10;1;738;270;4;0;3
24;7;745;0;3;0;10;1;746;0;3;0;1
25;4;745;90;3;1;10;3;743;90;3;1;10
26;10;746;0;1;0;10;8;746;0;1;0;10
27;22;745;180;4;0;10;19;744;180;4;0;5
28;25;743;180;7;0;1;19;743;180;7;0;10
29;14;752;315;3;0;1;9;755;315;3;0;1
0;9;752;90;4;1;10;9;748;90;4;1;10
1;16;743;180;4;0;10;10;743;180;4;0;10
2;14;744;270;2;0;3;10;746;270;2;0;3
3;14;748;315;4;0;3;9;749;315;4;0;1
4;16;753;45;2;0;3;8;753;45;2;0;1
5;17;753;135;3;0;1;12;752;135;3;0;1
6;17;750;90;4;0;1;13;749;90;4;0;3
7;19;748;180;3;0;1;14;747;180;3;0;1
8;18;748;315;4;0;10;14;749;315;4;0;1
9;18;752;0;2;0;1;10;752;0;2;0;1
10;21;752;270;2;0;5;14;752;270;2;0;5
11;19;752;225;3;0;3;12;750;225;3;0;1
12;22;742;180;6;0;3;16;740;180;6;0;10
13;15;741;225;4;0;5;13;741;225;4;0;3
14;13;740;90;2;0;10;10;738;90;2;1;10
16;9;739;270;4;0;10;8;739;270;4;1;10
17;8;735;270;5;1;10;6;735;270;5;1;10
18;9;743;270;4;0;10;9;746;270;4;0;10
19;20;750;270;2;0;1;14;751;270;2;0;3
20;24;750;180;5;0;1;16;749;180;5;0;3
21;12;754;315;2;1;10;11;752;315;2;1;10
22;17;749;225;2;0;10;13;749;225;2;0;3
23;12;749;270;2;0;10;11;749;270;2;0;1
24;19;752;225;3;0;1;14;750;225;3;0;1
25;22;748;135;2;0;10;20;746;135;2;0;1
26;28;743;180;4;0;3;21;741;180;4;0;5
27;23;741;270;4;0;10;15;743;270;4;0;10
28;19;743;0;2;0;10;16;743;0;2;0;10
29;20;744;45;2;0;10;17;743;45;2;0;10
30;17;747;270;1;0;10;16;748;270;1;0;10
0;19;753;315;2;0;1;14;752;315;2;0;1
1;23;749;0;2;0;1;17;748;0;2;0;1
2;27;746;225;4;0;5;23;744;225;4;0;10
3;17;746;270;5;0;10;11;749;270;5;0;3
4;16;752;315;5;1;5;9;753;315;5;0;3
5;19;755;315;3;0;5;14;755;315;3;0;1
6;26;749;225;6;0;3;21;748;225;6;0;3
7;18;750;270;4;0;10;14;751;270;4;0;10
8;17;753;315;4;0;10;14;754;315;4;0;5
9;16;752;270;3;0;10;13;750;270;3;0;1
10;18;746;270;5;0;3;14;746;270;5;1;10
11;18;749;270;4;0;5;14;748;270;4;0;3
12;25;746;225;4;0;5;19;744;225;4;0;5
13;25;742;225;4;0;10;22;740;225;4;0;1
14;23;740;225;3;0;10;19;741;225;3;0;3
15;17;746;270;4;0;3;15;746;270;4;0;1
16;16;748;270;4;0;3;13;748;270;4;0;3
17;17;749;270;2;0;5;14;749;270;2;0;1
18;21;747;90;2;0;5;17;747;90;2;1;10
19;19;746;90;1;0;10;17;746;90;1;1;5
20;18;743;315;2;0;10;18;744;315;2;0;10
21;24;746;225;2;0;5;20;746;225;2;0;3
22;21;748;270;2;0;10;18;749;270;2;0;1
23;25;749;180;3;0;5;21;749;180;3;0;1
24;20;750;315;3;0;10;19;749;315;3;0;1
25;22;747;270;2;0;10;20;746;270;2;0;3
26;16;743;315;1;0;10;16;744;315;1;0;1
27;21;747;0;2;0;5;19;748;0;2;0;1
28;23;749;45;2;0;5;18;749;45;2;0;1
29;24;749;315;1;0;5;19;749;315;1;0;5
0;18;749;225;2;1;5;20;750;225;2;0;3
1;18;754;315;4;0;5;16;755;315;4;0;3
2;20;755;270;4;0;3;22;752;270;4;0;3
3;29;749;270;6;0;1;25;748;270;6;0;3
4;22;746;315;5;0;10;15;749;315;5;0;1
5;17;749;0;3;0;5;12;748;0;3;0;1
6;19;740;270;3;0;10;17;740;270;3;0;1
7;20;741;270;4;0;10;19;741;270;4;0;5
8;20;740;270;3;0;10;19;740;270;3;0;5
9;17;740;0;3;1;5;13;739;0;3;0;3
10;18;737;315;3;0;3;14;737;315;3;1;10
11;14;737;315;5;0;10;12;738;315;5;0;3
12;12;741;0;2;0;10;11;742;0;2;0;10
13;15;742;315;3;0;5;14;743;315;3;0;1
14;19;744;270;2;0;5;15;745;270;2;0;10
15;19;746;270;3;1;10;15;746;270;3;0;10
16;14;746;0;1;1;10;14;745;0;1;0;10
17;21;748;315;2;0;5;16;748;315;2;0;3
18;20;743;225;3;0;10;15;742;225;3;0;3
19;17;737;90;2;0;10;13;735;90;2;1;10
20;21;739;315;5;0;5;17;741;315;5;0;5
21;20;742;180;2;0;3;15;741;180;2;0;5
22;20;745;270;4;0;10;17;745;270;4;0;10
23;21;744;270;5;0;5;18;746;270;5;0;1
24;22;749;270;4;0;3;16;749;270;4;0;1
25;25;747;135;4;0;3;21;745;135;4;0;3
26;23;744;135;2;0;10;19;742;135;2;0;1
27;21;741;180;3;0;10;20;740;180;3;0;1
28;21;740;180;4;0;5;14;741;180;4;0;3
29;21;743;225;3;0;3;15;742;225;3;1;10
30;18;743;270;5;0;10;15;744;270;5;0;10
0;17;746;270;4;0;10;15;748;270;4;0;3
1;19;753;270;4;0;5;14;753;270;4;0;1
2;14;753;270;3;1;10;13;753;270;3;0;1
3;21;753;270;2;0;5;14;753;270;2;0;1
4;22;754;0;3;0;5;16;754;0;3;0;3
5;22;755;45;1;0;5;15;755;45;1;0;1
6;25;752;180;3;0;10;21;751;180;3;0;3
7;25;754;315;2;0;3;18;753;315;2;0;1
8;26;749;270;2;0;1;21;749;270;2;0;10
9;25;752;0;3;0;3;17;752;0;3;0;1
10;24;755;90;2;0;5;17;755;90;2;0;1
11;22;755;135;3;0;10;19;752;135;3;0;1
12;21;747;315;5;1;10;16;748;315;5;0;3
13;19;751;315;3;0;5;13;751;315;3;0;1
14;17;747;315;3;0;10;14;748;315;3;0;5
15;14;749;315;4;0;10;13;751;315;4;0;10
16;14;753;0;4;0;10;10;754;0;4;0;5
17;15;755;0;4;0;5;12;756;0;4;0;10
18;18;757;0;3;0;3;11;757;0;3;0;1
19;21;758;0;2;0;1;12;758;0;2;0;1
20;24;758;0;2;0;1;14;758;0;2;0;1
21;23;755;315;2;0;1;17;755;315;2;0;1
22;22;756;45;3;0;3;13;757;45;3;0;1
23;20;758;90;3;0;3;11;756;90;3;0;1
24;23;752;270;2;0;3;13;751;270;2;0;5
25;24;747;90;1;0;3;19;747;90;1;0;10
26;18;749;270;3;0;5;15;750;270;3;0;3
27;23;749;225;2;0;1;17;746;225;2;1;10
28;19;745;270;5;0;10;12;746;270;5;0;1
29;18;749;315;5;0;3;13;749;315;5;0;10
30;18;749;315;5;0;5;12;749;315;5;0;10
0;18;749;270;2;0;5;12;749;270;2;0;10
1;21;746;270;1;0;10;13;746;270;1;0;10
2;15;749;90;2;1;10;13;749;90;2;0;10
3;12;747;90;2;1;10;12;746;90;2;0;10
4;17;743;225;2;0;10;11;744;225;2;0;10
5;20;745;180;3;0;5;14;743;180;3;0;10
6;12;737;270;3;0;10;11;737;270;3;1;10
7;15;741;270;3;0;5;11;744;270;3;1;10
8;11;752;315;1;1;10;10;755;315;1;0;10
9;14;758;315;2;0;10;12;760;315;2;0;10
10;15;764;45;2;0;10;7;764;45;2;0;1
11;18;764;0;1;0;5;9;763;0;1;0;3
13;17;760;180;3;0;10;6;758;180;3;0;1
14;16;755;180;2;0;10;12;755;180;2;0;10
16;14;749;270;2;0;10;8;749;270;2;0;3
17;18;752;135;2;0;3;9;752;135;2;0;1
18;25;752;135;3;0;1;13;752;135;3;0;1
19;26;749;180;2;0;1;19;749;180;2;0;1
20;24;746;180;3;0;1;18;746;180;3;0;3
0;2;752;315;3;2;10;1;749;315;3;0;3
1;1;747;315;5;0;10;1;746;315;5;0;10
2;4;747;315;5;0;10;1;749;315;5;0;3
3;5;753;315;3;0;10;3;753;315;3;0;10
4;5;756;270;3;0;10;4;757;270;3;0;10
5;6;758;315;2;0;1;-2;757;315;2;0;1
6;6;756;270;3;0;10;5;757;270;3;0;10
7;8;759;270;2;0;10;3;759;270;2;0;1
8;9;758;270;2;0;3;2;758;270;2;0;1
9;8;752;270;2;0;3;3;751;270;2;0;5
10;9;746;315;2;0;10;6;746;315;2;0;5
11;5;751;0;1;0;10;1;753;0;1;0;10
12;1;757;180;1;0;10;-5;756;180;1;0;1
13;3;753;135;4;0;1;-1;752;135;4;0;1
14;5;748;180;3;0;1;0;747;180;3;0;3
15;2;741;180;2;0;10;2;741;180;2;0;10
16;6;744;180;1;1;10;5;746;180;1;0;10
18;6;740;315;2;0;10;4;741;315;2;0;10
19;5;744;270;4;0;10;4;742;270;4;1;10
20;1;752;315;3;0;10;-1;754;315;3;0;1
21;2;755;270;3;0;10;1;755;270;3;0;10
22;2;761;0;2;0;10;-3;766;0;2;0;1
0;6;749;225;4;0;10;5;747;225;4;0;5
1;8;745;270;4;0;3;8;743;270;4;0;5
2;10;745;270;3;0;10;6;746;270;3;0;1
3;7;743;270;3;0;10;6;743;270;3;1;10
4;6;750;315;3;0;3;2;753;315;3;0;3
5;4;755;270;1;0;1;-3;755;270;1;0;10
6;4;753;180;2;0;3;-3;752;180;2;0;1
7;2;743;135;2;0;10;1;742;135;2;0;10
8;2;743;135;2;0;10;2;741;135;2;1;10
9;3;729;135;2;1;10;3;729;135;2;0;10
11;2;740;225;1;1;10;2;740;225;1;0;10
12;3;748;270;2;0;10;1;750;270;2;0;10
13;0;743;135;4;0;10;0;740;135;4;0;10
14;-3;737;90;2;2;10;-4;739;90;2;2;10
15;-3;744;90;1;0;10;-3;746;90;1;0;10
17;2;736;180;2;1;10;1;737;180;2;1;10
18;2;732;135;2;0;10;3;730;135;2;0;10
19;2;731;225;3;1;10;1;733;225;3;0;10
20;-2;740;225;2;0;10;-4;740;225;2;0;10
21;-1;747;225;2;0;10;-1;749;225;2;0;10
22;-2;751;180;1;0;10;-3;751;180;1;0;10
23;-1;751;180;2;2;10;-2;750;180;2;0;10
24;-2;752;225;2;0;10;-6;752;225;2;0;1
25;-2;746;225;5;0;10;-1;746;225;5;0;10
26;-1;747;225;3;0;1;-4;748;225;3;0;1
27;-1;744;180;3;0;10;-2;743;180;3;0;5
28;-3;735;135;2;2;10;-3;733;135;2;2;10
0;1;732;180;2;0;10;0;734;180;2;2;10
2;-1;755;180;2;0;10;-1;754;180;2;0;5
3;1;754;225;1;0;5;1;749;225;1;0;10
4;3;740;270;5;0;10;2;743;270;5;0;10
5;6;736;225;4;0;10;6;734;225;4;0;10
6;4;734;270;5;1;10;3;737;270;5;1;10
7;1;753;315;5;0;10;2;757;315;5;0;10
8;3;755;225;3;0;5;0;752;225;3;0;1
9;4;752;270;4;0;10;2;751;270;4;0;10
10;4;747;225;5;0;10;2;745;225;5;0;10
11;-1;739;180;2;2;10;-1;737;180;2;2;10
12;-1;744;225;2;0;10;-3;746;225;2;0;10
13;-2;749;135;1;0;10;-2;750;135;1;2;10
14;-1;752;315;2;2;10;-5;751;315;2;0;10
15;-4;749;225;2;0;10;0;743;225;2;2;10
17;-5;748;90;1;0;10;-4;746;90;1;0;10
18;5;737;270;3;0;10;5;738;270;3;1;10
19;3;743;225;2;0;10;6;741;225;2;1;10
20;9;739;270;6;0;10;8;738;270;6;0;10
22;4;737;180;2;1;10;6;735;180;2;0;5
23;3;742;315;6;0;10;2;748;315;6;2;10
24;2;747;180;3;0;1;0;742;180;3;2;10
25;3;736;225;4;1;10;0;737;225;4;2;10
26;-4;746;315;5;0;5;-4;749;315;5;0;3
27;-6;759;315;2;0;5;-6;761;315;2;0;10
28;-7;767;0;3;0;1;-9;767;0;3;0;1
29;-6;765;315;2;0;10;-7;765;315;2;2;10
30;-10;766;45;3;0;5;-13;766;45;3;0;1
0;-15;767;45;2;0;3;-18;770;45;2;0;1
1;-17;767;315;2;0;1;-15;763;315;2;2;10
2;-13;754;90;2;0;1;-15;752;90;2;0;10
3;-17;745;90;1;2;3;-19;743;90;1;2;10
4;-18;745;135;3;2;10;-15;746;135;3;2;10
5;-14;748;135;2;2;10;-15;746;135;2;2;10
6;-20;746;270;1;2;10;-22;746;270;1;2;10
7;-20;748;0;1;0;10;-25;748;0;1;0;10
8;-22;746;315;2;0;1;-22;746;315;2;0;5
9;-16;749;0;1;0;3;-21;749;0;1;0;1
12;-9;728;225;3;2;10;-10;732;225;3;2;10
13;-8;734;180;2;2;10;-13;737;180;2;2;10
14;-15;745;180;2;0;1;-18;746;180;2;0;10
15;-13;749;90;2;0;10;-9;746;90;2;2;10
16;-8;742;270;2;0;10;-12;746;270;2;2;10
17;-10;748;180;3;0;10;-10;748;180;3;0;10
18;-9;745;315;1;2;10;-8;744;315;1;2;10
19;-9;746;270;1;0;10;-9;746;270;1;2;10
20;-12;752;180;2;2;10;-14;754;180;2;2;10
21;-12;755;0;2;2;10;-14;755;0;2;2;10
22;-14;757;315;2;2;10;-16;758;315;2;2;10
23;-15;755;225;2;0;3;-15;755;225;2;2;10
24;-15;751;135;1;2;5;-15;752;135;1;2;10
25;-13;751;180;3;2;5;-10;746;180;3;2;10
26;0;739;180;2;2;10;0;739;180;2;0;10
27;2;734;180;4;1;10;3;731;180;4;1;10
28;1;735;270;7;0;10;1;740;270;7;0;10
29;4;738;225;3;0;10;2;738;225;3;0;3
30;3;730;180;5;0;10;2;729;180;5;2;10
0;1;736;225;2;0;10;-1;740;225;2;0;10
1;-1;729;180;5;2;10;1;728;180;5;0;10
2;3;729;225;3;0;10;2;729;225;3;1;10
3;-2;737;270;3;0;10;-3;738;270;3;2;10
4;0;739;225;3;0;10;-2;740;225;3;0;10
5;-3;750;270;3;2;10;-6;752;270;3;2;10
6;-1;749;180;2;0;10;1;748;180;2;0;10
7;2;746;180;5;0;1;-1;746;180;5;0;3
8;1;743;180;5;0;10;-1;742;180;5;2;10
9;1;746;180;4;0;10;1;746;180;4;0;10
10;0;747;180;7;0;3;0;746;180;7;0;10
11;0;745;135;6;0;10;0;746;135;6;2;10
12;2;751;180;4;0;10;1;751;180;4;0;10
13;-2;746;135;4;0;10;-2;743;135;4;2;10
14;2;744;225;3;1;10;1;749;225;3;2;10
15;-1;748;0;4;2;10;-4;752;0;4;0;10
16;-2;761;315;3;0;1;-7;762;315;3;0;1
17;1;763;180;1;0;1;-8;762;180;1;0;1
18;-1;759;135;5;0;1;-5;760;135;5;0;10
19;-1;758;180;5;0;1;-4;755;180;5;0;1
20;-2;747;135;2;0;3;-5;743;135;2;0;10
21;-3;731;180;3;2;3;-2;728;180;3;0;10
22;3;736;225;4;2;10;2;737;225;4;0;10
23;3;740;225;2;0;10;1;741;225;2;0;10
24;2;740;270;2;0;10;-1;741;270;2;0;10
25;3;743;225;3;0;5;-1;744;225;3;0;1
26;1;745;270;4;2;10;-4;749;270;4;0;1
27;3;755;225;4;0;1;-1;755;225;4;0;1
28;2;755;270;3;0;10;-3;758;270;3;0;5
0;-3;759;90;1;0;1;-7;756;90;1;0;10
1;-2;738;90;3;2;10;1;737;90;3;0;10
2;-1;745;270;2;0;10;-1;747;270;2;1;10
3;0;748;45;1;1;10;1;747;45;1;0;10
4;1;745;90;3;1;10;0;745;90;3;2;10
5;2;746;135;2;0;10;1;748;135;2;2;10
6;1;751;135;4;0;10;1;752;135;4;0;10
7;3;754;135;4;0;10;2;753;135;4;0;3
8;5;754;180;2;0;10;2;755;180;2;0;10
9;5;757;225;2;0;10;1;757;225;2;0;1
10;3;758;315;2;0;10;1;758;315;2;2;10
11;3;757;90;3;0;3;1;758;90;3;0;10
12;2;757;315;2;0;10;0;757;315;2;0;10
13;2;753;315;2;0;5;-4;754;315;2;0;1
14;4;758;0;3;0;1;0;756;0;3;0;10
15;3;746;315;5;0;10;3;746;315;5;2;10
16;2;737;270;4;1;10;3;735;270;4;2;10
17;-3;732;315;4;0;3;-5;734;315;4;2;10
18;-5;737;270;2;2;10;-8;737;270;2;0;3
19;-2;737;270;4;0;5;-4;739;270;4;0;1
20;-2;740;0;1;0;3;-6;740;0;1;0;1
21;-2;743;45;2;0;5;-9;745;45;2;0;1
22;0;749;90;3;0;1;-9;749;90;3;0;1
23;2;748;90;3;0;3;-6;748;90;3;0;1
24;3;748;45;1;0;1;-6;748;45;1;0;1
25;4;749;135;1;0;1;-4;751;135;1;0;1
26;8;752;225;2;0;3;-1;752;225;2;0;1
27;11;750;315;1;0;3;1;749;315;1;0;3
28;10;745;180;2;0;10;6;746;180;2;0;1
29;9;747;180;4;0;1;4;747;180;4;0;1
30;6;742;180;4;0;5;2;740;180;4;1;10
0;4;740;270;3;0;10;2;740;270;3;1;10
1;2;743;315;4;0;10;2;746;315;4;1;10
2;6;746;315;5;0;10;3;746;315;5;0;3
3;8;745;315;4;0;3;3;746;315;4;0;1
4;7;748;315;4;0;1;-1;748;315;4;0;1
5;11;746;180;2;0;1;4;745;180;2;0;1
6;5;746;270;1;0;10;5;748;270;1;0;10
7;16;747;225;4;0;1;11;746;225;4;0;10
8;6;746;45;2;1;10;6;746;45;2;0;10
9;8;749;135;1;0;10;2;750;135;1;0;3
10;12;752;0;2;0;3;7;753;0;2;0;1
11;11;751;270;1;0;3;3;749;270;1;0;1
12;14;746;90;1;0;10;9;744;90;1;0;10
13;18;736;135;3;0;3;12;735;135;3;0;10
14;3;740;270;4;0;10;3;743;270;4;0;10
15;9;746;0;2;0;1;1;746;0;2;0;1
16;14;747;225;2;0;3;9;746;225;2;0;5
17;12;741;270;6;0;10;7;744;270;6;0;5
18;10;744;225;3;0;10;5;743;225;3;0;10
19;6;742;180;2;0;10;5;742;180;2;0;5
20;7;741;315;2;1;10;4;741;315;2;0;1
21;8;737;270;1;0;10;4;738;270;1;1;10
22;8;742;315;3;0;10;1;743;315;3;0;5
24;16;746;135;5;0;10;12;746;135;5;0;3
25;15;743;90;4;0;3;14;744;90;4;1;10
26;15;749;135;8;0;10;13;750;135;8;0;10
27;18;752;90;6;0;5;14;753;90;6;0;3
28;18;755;135;4;0;1;13;756;135;4;0;1
29;18;755;90;3;0;3;8;756;90;3;0;1
0;19;755;0;2;0;1;10;755;0;2;0;1
1;20;754;315;2;0;10;15;753;315;2;0;3
2;20;751;315;2;0;3;11;750;315;2;0;3
3;19;749;0;4;0;10;14;750;0;4;0;3
4;18;752;45;3;0;10;14;752;45;3;0;5
5;21;753;90;1;0;5;15;753;90;1;0;5
6;21;754;315;2;0;5;12;754;315;2;0;3
7;24;755;315;2;0;1;15;754;315;2;0;10
8;23;753;270;3;0;1;16;752;270;3;0;1
9;22;751;0;1;0;10;14;749;0;1;0;3
10;22;745;270;6;0;5;11;746;270;6;0;3
11;13;748;45;2;0;5;8;747;45;2;0;1
12;15;746;90;3;0;1;11;746;90;3;0;1
13;18;745;135;6;0;1;13;744;135;6;0;1
14;17;744;90;5;0;1;13;745;90;5;0;5
15;14;746;90;2;0;10;12;747;90;2;0;10
16;17;746;180;3;0;10;13;746;180;3;0;10
17;15;746;90;2;0;10;14;746;90;2;0;3
18;17;748;135;2;0;10;13;748;135;2;1;10
19;15;743;45;3;1;10;14;740;45;3;1;10
20;14;746;135;4;0;10;13;746;135;4;0;10
21;14;746;0;4;0;3;13;747;0;4;0;3
22;17;748;0;3;0;10;13;749;0;3;1;10
23;20;748;90;2;0;3;17;747;90;2;0;5
24;19;743;90;2;0;10;15;744;90;2;0;3
25;23;746;180;3;0;10;17;747;180;3;0;3
26;22;752;315;3;0;3;19;752;315;3;0;1
27;21;755;0;2;0;5;17;754;0;2;0;1
28;24;753;90;2;0;3;20;752;90;2;0;1
29;26;752;45;3;0;3;20;752;45;3;0;1
30;21;755;90;3;0;1;16;755;90;3;0;1
1;21;752;45;1;0;10;17;750;45;1;0;3
2;23;746;45;2;0;5;17;744;45;2;0;1
3;20;739;315;5;0;5;14;742;315;5;0;3
4;13;744;315;2;0;10;9;745;315;2;0;10
5;12;747;0;3;0;10;9;749;0;3;0;10
6;11;749;0;4;0;10;9;749;0;4;0;10
7;17;743;270;3;0;5;15;740;270;3;0;1
8;14;740;270;5;0;10;12;742;270;5;0;3
9;15;744;180;5;0;5;12;744;180;5;0;3
10;16;739;180;3;0;10;11;739;180;3;0;10
11;8;737;225;3;1;10;10;737;225;3;1;10
12;12;742;270;3;1;10;11;743;270;3;1;10
13;19;746;225;2;0;10;16;746;225;2;0;1
14;22;747;90;4;0;3;20;746;90;4;0;3
15;24;745;135;5;0;5;19;746;135;5;0;5
16;26;749;225;3;0;3;21;748;225;3;0;1
17;27;746;180;6;0;10;25;747;180;6;0;3
18;25;752;270;3;0;3;22;753;270;3;0;1
19;26;756;270;2;0;5;21;755;270;2;0;3
20;19;754;270;3;1;10;18;751;270;3;0;10
21;20;752;270;5;0;10;18;753;270;5;0;3
22;24;755;315;3;0;3;21;755;315;3;0;1
23;22;754;270;3;1;10;20;752;270;3;0;5
24;27;750;270;2;0;10;23;749;270;2;0;3
25;30;748;225;1;0;5;18;746;225;1;1;5
26;21;747;45;3;1;10;19;746;45;3;0;3
27;22;748;135;2;0;3;19;748;135;2;0;1
28;23;749;135;3;0;3;19;748;135;3;0;3
29;24;749;90;1;0;5;21;749;90;1;0;1
0;27;750;90;1;0;5;20;750;90;1;0;1
1;26;750;180;1;0;5;23;751;180;1;0;5
2;29;749;135;2;0;5;24;747;135;2;0;3
3;25;741;180;3;1;5;18;740;180;3;0;10
4;17;739;270;5;0;5;11;739;270;5;0;5
5;14;737;225;3;1;10;16;737;225;3;0;5
6;21;738;180;3;0;10;17;738;180;3;0;10
7;16;740;225;4;0;10;13;742;225;4;1;10
8;20;743;270;4;0;5;16;743;270;4;0;1
9;21;743;270;3;0;3;18;742;270;3;0;1
10;22;743;270;4;0;5;17;743;270;4;0;1
11;20;742;0;2;1;10;21;743;0;2;0;3
12;24;746;270;3;0;5;20;745;270;3;0;10
13;24;747;270;2;0;3;19;747;270;2;0;1
14;27;747;135;4;0;1;24;746;135;4;0;3
15;20;749;225;4;0;10;18;750;225;4;0;3
16;25;751;180;2;0;5;21;749;180;2;0;1
17;23;743;135;3;0;5;20;743;135;3;1;10
18;21;739;135;3;1;10;17;741;135;3;0;10
19;27;741;90;5;0;3;19;743;90;5;1;10
20;23;745;135;3;0;5;18;746;135;3;0;10
21;22;747;0;2;0;5;20;747;0;2;0;3
22;27;748;45;3;0;1;23;749;45;3;0;1
23;28;751;0;2;0;3;23;751;0;2;0;1
24;29;751;45;1;0;3;21;751;45;1;0;1
25;29;751;315;1;0;5;23;750;315;1;0;5
26;26;749;270;1;0;3;21;749;270;1;0;3
27;26;749;315;3;0;3;20;748;315;3;0;1
28;23;747;270;3;0;10;20;746;270;3;0;5
29;29;743;180;5;0;5;23;743;180;5;0;3
30;25;746;270;2;0;5;20;746;270;2;0;3
0;26;748;180;3;0;10;22;746;180;3;0;5
1;22;748;315;2;0;5;15;748;315;2;1;10
2;19;747;45;1;0;10;17;746;45;1;0;3
3;24;749;270;3;0;3;17;749;270;3;0;5
4;25;752;225;3;0;10;20;751;225;3;0;3
5;29;750;180;5;0;3;24;749;180;5;0;3
6;29;746;180;4;0;5;17;745;180;4;0;10
7;18;746;225;5;0;10;16;748;225;5;0;3
8;25;749;225;4;0;3;21;749;225;4;0;3
9;26;750;180;3;0;5;19;750;180;3;0;5
10;26;747;135;5;0;5;21;746;135;5;0;5
11;13;750;315;2;1;10;12;752;315;2;0;1
12;20;752;225;1;0;5;12;752;225;1;0;3
13;22;749;225;2;0;3;15;748;225;2;0;10
14;15;741;315;3;1;10;15;740;315;3;0;10
15;18;746;225;4;0;10;12;747;225;4;0;3
16;17;749;180;4;0;5;13;750;180;4;0;3
17;24;751;135;5;0;3;17;752;135;5;1;10
18;28;752;135;4;0;1;21;752;135;4;0;5
20;22;755;45;1;0;5;16;755;45;1;0;1
21;25;755;90;2;0;10;18;755;90;2;0;1
22;19;752;270;2;1;10;18;750;270;2;1;10
23;16;752;315;2;0;10;15;752;315;2;0;1
24;17;754;315;2;0;10;12;754;315;2;0;3
25;18;752;270;2;0;5;16;752;270;2;0;10
26;26;747;225;4;0;1;22;745;225;4;0;1
27;18;751;315;5;0;3;9;752;315;5;0;1
28;13;750;135;4;0;10;14;746;135;4;1;10
29;20;743;270;5;0;3;17;743;270;5;0;10
30;17;748;315;5;0;10;11;750;315;5;0;1
0;19;749;270;3;0;3;12;749;270;3;0;3
1;21;746;270;2;0;5;17;746;270;2;1;10
2;20;746;270;3;0;5;11;746;270;3;0;1
3;14;744;180;2;1;10;11;743;180;2;0;1
4;16;743;315;2;0;3;12;746;315;2;0;1
5;16;752;315;4;0;3;10;752;315;4;0;5
6;14;746;225;2;0;10;14;744;225;2;0;10
7;17;741;270;6;0;10;12;743;270;6;1;10
8;14;750;315;2;0;10;11;751;315;2;0;10
9;16;750;270;2;1;10;13;749;270;2;1;10
10;14;751;90;1;0;10;13;752;90;1;0;10
11;18;748;270;4;0;10;15;746;270;4;0;1
12;14;746;0;4;0;10;10;748;0;4;0;10
13;13;750;0;3;0;10;10;749;0;3;0;10
14;14;747;315;4;0;3;9;746;315;4;0;10
15;11;744;45;4;1;10;9;747;45;4;0;10
16;11;749;315;3;0;10;8;749;315;3;0;3
17;9;749;315;4;0;10;7;749;315;4;1;10
18;8;746;270;2;1;10;6;746;270;2;0;10
19;10;746;0;1;0;3;10;747;0;1;0;10
20;11;749;0;2;1;10;9;749;0;2;1;10
21;8;744;0;3;1;10;7;741;0;3;1;10
22;10;741;135;3;0;10;8;743;135;3;1;10
23;10;751;225;3;1;10;7;752;225;3;0;10
24;11;756;0;2;0;10;5;757;0;2;0;1
25;12;756;0;3;0;10;11;756;0;3;0;10
26;10;758;45;2;0;10;7;758;45;2;0;10
27;10;752;180;1;0;10;2;750;180;1;0;1
28;9;745;180;2;0;10;9;745;180;2;1;10
29;13;738;225;3;0;5;12;740;225;3;0;3
0;15;745;225;4;0;3;10;747;225;4;0;1
1;14;752;135;1;0;10;11;752;135;1;1;10
2;11;752;0;1;1;10;10;752;0;1;1;10
3;8;754;0;3;1;10;7;755;0;3;1;10
4;6;761;45;4;1;10;7;761;45;4;1;10
5;7;760;90;3;0;10;6;758;90;3;0;10
6;6;753;90;3;1;10;5;754;90;3;1;10
7;7;756;90;3;1;10;7;758;90;3;1;10
8;9;759;45;5;0;1;3;760;45;5;0;10
9;6;761;90;4;0;10;5;761;90;4;0;10
10;5;761;45;1;0;10;4;762;45;1;0;10
11;3;761;270;2;0;10;2;761;270;2;0;10
12;3;758;0;1;0;10;2;758;0;1;0;10
13;5;759;315;2;0;10;4;759;315;2;0;10
14;4;763;45;2;0;10;2;764;45;2;0;10
15;3;766;315;2;0;10;2;766;315;2;0;10
16;5;765;315;3;0;10;5;765;315;3;0;10
17;3;763;270;2;0;10;2;762;270;2;0;10
18;2;762;180;1;0;3;1;762;180;1;0;10
19;1;764;90;1;0;10;0;764;90;1;0;10
20;1;765;135;2;0;10;0;766;135;2;0;10
21;1;767;90;3;0;10;1;768;90;3;0;10
22;4;770;135;4;0;1;3;771;135;4;0;10
23;3;773;135;4;0;3;-2;772;135;4;0;10
24;4;766;180;5;0;5;1;762;180;5;2;10
25;-1;755;180;4;2;10;-1;756;180;4;2;10
26;1;761;180;2;0;10;0;761;180;2;1;10
27;1;754;180;5;0;10;1;748;180;5;2;10
28;1;738;135;3;2;10;0;739;135;3;0;10
29;-1;745;45;2;0;10;-1;747;45;2;2;10
30;-1;749;0;2;2;10;-3;751;0;2;2;10
0;-3;752;135;1;0;5;-5;752;135;1;2;10
1;-4;748;135;4;2;10;-4;746;135;4;2;10
2;-2;740;90;2;2;10;-2;740;90;2;2;10
3;0;742;315;1;2;10;-1;744;315;1;2;10
4;-4;749;270;2;2;10;-5;750;270;2;2;10
5;-7;750;90;3;0;10;-8;748;90;3;0;10
6;-6;743;90;4;2;10;-6;740;90;4;2;10
7;-6;743;270;1;2;10;-8;748;270;1;0;10
8;-5;755;90;3;2;10;-8;755;90;3;0;10
9;-8;745;90;2;2;10;-7;745;90;2;0;10
10;-8;742;315;3;2;10;-8;743;315;3;2;10
11;-6;747;270;3;2;10;-6;749;270;3;2;10
12;-4;753;225;1;0;10;-5;755;225;1;0;10
13;-3;759;135;1;0;10;-3;760;135;1;2;10
14;-4;760;180;2;2;10;-6;758;180;2;0;10
15;-5;753;180;3;0;3;-4;752;180;3;0;10
16;-2;749;180;4;2;10;-2;749;180;4;2;10
17;0;752;180;5;0;10;1;753;180;5;0;10
18;3;755;180;4;0;10;3;757;180;4;1;10
19;2;756;180;5;0;10;1;759;180;5;0;10
20;0;761;180;5;0;3;-1;761;180;5;0;10
21;-2;761;180;3;0;1;-4;761;180;3;0;1
22;-5;757;225;3;0;10;-5;755;225;3;0;10
23;-2;744;180;4;0;10;1;741;180;4;2;10
24;0;743;270;3;2;10;-1;744;270;3;2;10
25;-2;736;135;3;2;10;-1;729;135;3;2;10
26;1;728;270;2;0;10;-1;731;270;2;0;5
27;-10;737;0;3;2;5;-12;739;0;3;2;10
28;-10;746;315;3;0;1;-14;748;315;3;0;1
29;-12;745;180;3;0;5;-10;742;180;3;0;10
0;-6;737;180;4;2;10;-5;737;180;4;2;10
1;-4;740;180;2;2;10;-5;741;180;2;2;10
2;-7;743;135;1;0;1;-9;743;135;1;0;10
3;-6;748;270;1;2;10;-7;750;270;1;2;10
4;-2;729;225;4;2;10;0;728;225;4;0;3
5;-11;747;315;3;0;1;-12;749;315;3;2;10
6;-11;751;225;2;0;10;-6;745;225;2;2;10
7;-2;736;225;2;0;10;-4;734;225;2;0;10
8;-2;733;225;3;2;10;0;731;225;3;2;10
9;-5;735;315;3;2;10;-6;737;315;3;2;10
10;-7;740;315;3;2;10;-8;741;315;3;2;10
11;-9;744;270;2;0;10;-9;745;270;2;2;5
12;-11;749;270;2;2;10;-11;749;270;2;2;10
13;-8;744;315;1;2;10;-8;749;315;1;2;3
14;-9;756;315;2;2;10;-13;757;315;2;2;10
15;-8;755;180;1;0;10;-7;755;180;1;2;10
16;-3;753;270;3;2;10;-4;752;270;3;2;10
17;-1;749;270;3;2;10;-1;749;270;3;2;10
18;-2;751;0;2;2;10;-3;753;0;2;2;10
19;-3;758;225;3;0;10;-2;754;225;3;0;10
20;1;755;270;2;0;10;0;755;270;2;1;10
21;0;755;270;3;0;10;0;754;270;3;2;10
22;1;750;225;3;0;10;0;749;225;3;0;10
23;1;748;270;3;0;10;0;745;270;3;0;10
24;0;742;225;2;0;10;-1;743;225;2;0;10
25;0;737;180;5;2;10;1;734;180;5;0;10
26;0;734;225;2;0;10;0;736;225;2;0;10
27;-1;746;315;3;2;10;-2;752;315;3;2;10
28;-5;758;225;3;0;10;-4;755;225;3;0;10
29;1;752;270;2;0;10;0;749;270;2;2;10
30;2;740;225;4;1;10;3;739;225;4;1;10
0;3;735;225;2;0;10;2;734;225;2;1;10
2;-15;738;315;2;0;1;-18;739;315;2;0;1
3;-19;738;90;2;0;10;-21;738;90;2;2;10
4;-23;746;0;4;2;10;-27;751;0;4;2;10
5;-28;761;0;3;0;1;-30;763;0;3;0;1
6;-28;760;180;1;0;1;-34;759;180;1;0;1
7;-23;759;180;1;0;1;-26;758;180;1;0;1
8;-9;752;225;3;0;10;-8;752;225;3;2;10
9;-4;751;270;3;0;10;-3;752;270;3;2;10
10;-7;752;225;3;0;10;-8;750;225;3;2;10
11;-10;742;135;4;2;10;-9;738;135;4;2;10
12;-4;740;180;4;2;10;-4;742;180;4;2;10
13;-2;741;180;4;2;10;-2;741;180;4;2;10
14;1;741;180;4;2;10;-1;745;180;4;0;5
16;-5;761;90;1;2;10;-5;761;90;1;2;10
17;-5;759;225;2;0;10;-4;758;225;2;0;10
18;-1;749;270;4;0;10;-1;746;270;4;0;10
19;-2;748;315;4;0;1;-6;746;315;4;0;10
20;-3;746;315;4;0;5;-6;749;315;4;0;1
21;-3;746;270;3;2;10;-2;748;270;3;0;10
22;1;743;270;3;2;10;0;741;270;3;2;10
23;-2;742;0;4;0;10;-8;747;0;4;2;10
24;-10;759;45;3;0;1;-17;761;45;3;0;1
25;-11;752;225;3;2;10;-8;748;225;3;2;10
26;-1;753;315;2;2;10;-1;755;315;2;0;10
27;-1;756;225;1;0;10;-2;758;225;1;1;10
28;-1;758;180;2;1;10;-1;758;180;2;0;10
29;-5;756;225;4;0;10;-5;755;225;4;2;10
30;-4;752;270;3;2;10;-3;752;270;3;2;10
0;-2;751;315;4;0;10;-3;753;315;4;2;10
1;-6;758;270;1;0;1;-15;757;270;1;0;3
2;-7;752;180;3;2;10;-7;751;180;3;2;10
3;-5;749;180;2;0;10;-10;750;180;2;0;5
4;-9;752;90;2;0;1;-13;755;90;2;0;3
5;-14;763;315;2;0;1;-20;764;315;2;0;1
6;-16;770;0;1;0;1;-24;770;0;1;0;1
7;-9;768;315;2;0;10;-11;768;315;2;2;10
8;-3;767;315;2;0;5;-4;767;315;2;2;10
9;-3;767;315;3;0;10;-2;767;315;3;2;10
10;0;765;315;4;0;10;-2;764;315;4;0;10
11;-7;764;315;2;2;10;-7;764;315;2;2;10
12;-5;752;270;4;2;10;-3;749;270;4;0;10
13;4;746;0;8;0;5;0;750;0;8;0;1
14;-1;758;0;4;0;3;-6;761;0;4;0;1
15;-2;755;180;4;0;10;-5;752;180;4;0;1
16;-2;743;225;2;0;10;-1;741;225;2;2;10
17;2;742;270;5;0;10;1;741;270;5;2;10
18;0;740;225;4;2;10;1;737;225;4;2;10
19;3;732;225;5;1;10;1;731;225;5;1;10
20;2;724;225;1;0;10;0;725;225;1;2;10
21;-8;737;45;1;2;3;-14;737;45;1;0;1
22;-3;727;135;3;2;10;-2;727;135;3;2;10
23;-1;727;135;3;2;10;-2;725;135;3;2;10
24;-5;733;270;4;0;5;-6;735;270;4;0;10
25;-2;739;270;6;0;10;-4;737;270;6;2;10
26;-2;740;0;2;2;10;-4;745;0;2;0;10
27;2;747;180;3;0;10;2;745;180;3;0;3
0;3;742;180;4;0;10;2;740;180;4;0;10
1;3;740;270;1;1;10;2;740;270;1;0;10
2;1;737;180;3;0;10;1;738;180;3;2;10
3;3;744;225;4;0;10;3;746;225;4;0;10
4;-2;745;0;3;2;10;-4;746;0;3;0;10
5;-3;751;90;3;0;10;-4;752;90;3;0;10
6;-2;755;90;4;0;10;-1;755;90;4;0;10
7;2;759;90;2;0;10;1;759;90;2;0;10
8;6;756;180;3;0;10;3;754;180;3;0;1
9;7;749;180;4;0;1;5;749;180;4;0;10
10;4;754;315;1;0;5;-2;755;315;1;0;1
11;5;757;90;1;0;1;-2;757;90;1;0;1
12;5;756;270;2;0;1;-2;756;270;2;0;1
13;7;755;180;2;0;1;4;754;180;2;0;10
14;2;743;180;4;1;10;2;743;180;4;0;10
15;4;743;135;2;0;10;-1;746;135;2;0;1
16;7;745;180;5;0;3;3;743;180;5;0;1
17;6;737;180;7;0;10;3;738;180;7;2;10
18;2;738;135;3;0;10;1;740;135;3;1;10
19;2;743;0;1;0;10;0;744;0;1;0;5
20;5;745;180;3;0;10;4;745;180;3;0;10
21;8;746;180;3;0;10;5;747;180;3;1;10
22;7;750;225;3;0;10;2;752;225;3;0;1
23;5;748;270;4;0;3;0;749;270;4;0;1
24;4;747;270;4;0;1;-2;747;270;4;0;1
25;3;746;225;3;0;10;0;737;225;3;2;10
26;3;737;315;4;0;10;1;736;315;4;0;10
27;0;739;315;4;2;10;-2;740;315;4;0;1
28;0;745;315;4;0;3;-7;745;315;4;0;1
29;0;752;315;5;0;5;-4;754;315;5;0;1
30;1;749;135;2;2;5;-1;750;135;2;2;10
0;3;754;225;4;0;1;2;749;225;4;0;10
1;7;746;315;3;0;10;5;748;315;3;1;10
2;2;752;90;3;2;10;0;755;90;3;2;10
3;4;758;225;3;1;10;2;756;225;3;0;10
4;11;747;180;4;0;1;9;743;180;4;0;5
5;8;740;270;1;1;10;4;742;270;1;1;10
6;7;743;135;2;0;3;3;743;135;2;0;10
7;8;743;315;4;0;5;1;746;315;4;0;1
8;7;751;270;3;0;10;4;749;270;3;0;1
9;10;746;225;3;0;10;7;743;225;3;0;1
10;9;737;225;3;0;10;8;737;225;3;0;10
11;5;737;270;3;0;10;1;739;270;3;0;3
12;4;734;180;3;1;10;5;733;180;3;0;10
13;0;738;315;5;0;10;-3;740;315;5;0;1
14;-1;740;270;4;2;10;-2;741;270;4;0;10
15;3;740;135;2;0;1;-1;740;135;2;0;10
16;-1;745;315;3;2;10;-2;748;315;3;0;10
17;1;756;0;1;0;10;-2;758;0;1;0;3
18;2;759;45;3;0;10;-2;759;45;3;0;10
19;5;755;0;4;0;1;-2;753;0;4;0;1
20;1;742;180;4;2;10;1;737;180;4;2;10
21;6;730;135;4;1;10;0;728;135;4;2;10
22;5;737;270;3;0;10;1;740;270;3;0;3
23;8;743;270;3;0;10;0;744;270;3;0;1
24;10;746;180;4;0;10;5;746;180;4;0;1
25;5;743;225;2;1;10;4;744;225;2;0;10
26;6;748;225;4;0;10;5;749;225;4;0;10
27;11;754;90;2;0;3;9;754;90;2;0;3
28;13;749;135;4;0;10;13;750;135;4;1;10
29;26;750;180;6;0;1;9;753;180;6;0;3
0;15;755;90;3;0;10;13;753;90;3;0;10
1;10;752;315;4;0;10;7;753;315;4;0;1
2;13;756;315;3;0;5;9;757;315;3;0;3
3;9;760;0;3;0;10;4;759;0;3;0;1
4;13;751;270;6;0;5;13;748;270;6;0;10
5;10;742;315;4;1;10;6;745;315;4;0;5
6;9;745;90;2;0;3;6;743;90;2;0;5
7;9;741;90;4;0;3;6;741;90;4;0;5
8;8;739;0;4;0;10;5;740;0;4;0;5
9;5;740;90;2;0;10;3;741;90;2;0;5
10;7;742;270;4;0;10;4;743;270;4;0;3
11;7;748;270;5;0;5;3;749;270;5;1;3
12;10;752;315;3;0;10;6;753;315;3;0;1
13;12;756;0;2;0;3;9;757;0;2;0;1
14;10;754;225;3;1;10;9;752;225;3;1;10
15;5;754;0;3;1;10;5;756;0;3;0;10
16;14;756;45;3;0;1;10;755;45;3;0;1
18;22;750;90;2;0;3;17;749;90;2;0;10
19;25;744;315;5;0;10;15;746;315;5;0;10
20;12;748;0;4;0;1;9;748;0;4;0;1
21;14;748;315;3;0;3;10;746;315;3;0;5
22;21;743;315;4;0;5;17;744;315;4;0;5
23;20;746;135;1;0;10;17;746;135;1;0;5
24;14;743;180;2;0;10;12;744;180;2;0;1
25;12;744;270;2;1;10;11;745;270;2;0;3
26;14;749;0;4;0;5;11;749;0;4;0;3
27;13;751;315;2;0;5;11;748;315;2;0;10
28;17;738;315;3;1;10;15;739;315;3;0;1
29;14;746;0;3;0;3;10;746;0;3;0;1
30;12;737;180;4;0;10;14;734;180;4;1;10
0;11;737;270;3;0;10;7;738;270;3;1;10
1;6;737;270;3;0;5;3;738;270;3;0;10
2;6;743;315;5;1;10;5;745;315;5;0;10
3;12;746;0;4;0;10;10;747;0;4;0;1
4;10;745;90;2;1;10;10;743;90;2;1;10
5;14;750;315;2;0;10;14;750;315;2;0;10
6;21;749;270;3;0;5;19;749;270;3;0;3
7;18;749;90;4;0;5;13;750;90;4;0;1
8;20;751;90;2;0;3;15;750;90;2;0;5
9;18;749;315;2;0;3;15;749;315;2;0;10
10;21;746;270;3;0;5;17;745;270;3;0;5
11;23;740;225;4;0;5;14;738;225;4;0;10
12;18;731;270;2;0;5;14;731;270;2;0;1
13;10;734;315;4;1;10;7;737;315;4;1;10
14;14;742;45;2;0;10;14;743;45;2;0;10
15;18;743;0;3;0;3;17;743;0;3;0;3
16;21;744;0;2;0;10;20;745;0;2;0;3
17;25;746;315;3;0;3;18;745;315;3;0;1
18;20;741;0;3;1;3;18;740;0;3;0;3
19;20;739;270;4;0;3;14;734;270;4;0;10
20;12;735;270;5;1;10;10;736;270;5;1;10
21;16;740;315;4;0;5;11;740;315;4;0;1
22;16;740;315;3;0;3;11;741;315;3;0;3
23;16;742;270;1;0;5;13;742;270;1;0;10
24;19;739;225;3;0;10;17;740;225;3;0;3
25;18;737;270;4;0;10;16;737;270;4;0;10
26;18;740;225;5;0;10;12;742;225;5;0;3
27;19;746;270;5;0;10;17;746;270;5;0;1
28;21;748;315;2;0;3;16;747;315;2;0;3
29;16;742;90;2;1;10;17;739;90;2;0;10
0;15;739;0;2;0;10;14;740;0;2;0;10
1;15;739;0;1;1;10;14;739;0;1;0;10
2;16;740;315;3;1;10;13;741;315;3;0;3
3;18;743;270;4;0;10;15;743;270;4;0;10
4;20;740;315;3;0;5;15;741;315;3;0;3
5;15;744;270;5;1;10;14;744;270;5;0;3
6;11;743;315;3;1;10;10;742;315;3;1;10
7;11;742;315;4;1;10;11;742;315;4;1;10
8;14;743;270;3;0;10;13;743;270;3;1;10
9;21;746;270;4;0;3;18;747;270;4;0;3
10;24;749;270;1;0;5;20;749;270;1;0;10
11;21;744;135;3;1;10;17;743;135;3;1;10
12;20;743;0;1;0;10;19;742;0;1;0;1
13;23;741;90;3;0;3;19;742;90;3;1;10
14;19;746;135;4;1;10;19;747;135;4;1;10
15;24;746;90;3;1;3;18;747;90;3;0;3
16;16;747;270;3;0;10;15;748;270;3;0;1
17;21;747;270;3;0;3;16;748;270;3;0;3
18;20;749;270;2;0;5;15;749;270;2;0;3
19;15;748;270;2;1;5;13;747;270;2;0;3
20;18;748;0;3;0;10;14;749;0;3;0;1
21;21;749;225;2;0;5;16;749;225;2;0;1
22;18;748;270;4;0;5;16;747;270;4;0;10
23;19;746;270;2;0;10;16;746;270;2;0;1
24;21;745;225;1;0;1;16;744;225;1;0;3
25;17;743;90;2;1;10;18;740;90;2;0;10
26;22;742;225;3;0;10;19;743;225;3;0;10
27;23;746;135;1;0;5;19;746;135;1;0;1
28;26;743;90;5;0;1;24;742;90;5;0;5
29;21;742;315;3;0;10;17;743;315;3;0;10
30;24;746;315;3;0;3;18;747;315;3;0;5
0;24;751;270;5;0;5;19;752;270;5;0;1
1;18;749;180;5;1;10;19;744;180;5;1;10
2;22;746;270;5;0;5;16;746;270;5;0;3
3;17;742;135;2;1;10;18;740;135;2;0;3
4;20;741;225;3;0;5;16;743;225;3;1;10
5;22;746;225;3;0;5;17;747;225;3;0;1
6;21;749;270;5;0;10;16;750;270;5;0;3
7;20;755;270;4;0;10;16;756;270;4;0;1
8;22;758;135;1;0;3;14;758;135;1;0;1
9;23;754;225;4;0;3;19;751;225;4;0;3
10;23;749;315;3;0;5;17;749;315;3;0;1
12;27;747;180;4;0;1;21;748;180;4;1;10
13;19;752;270;2;1;10;15;753;270;2;0;1
14;21;758;0;2;0;3;13;758;0;2;0;1
15;22;758;135;3;0;3;14;758;135;3;0;1
16;23;756;180;2;0;10;17;755;180;2;0;3
17;27;753;180;4;0;3;22;753;180;4;0;5
18;29;752;225;3;0;1;21;752;225;3;0;1
19;28;752;180;4;0;1;22;752;180;4;0;3
20;27;750;180;4;0;1;19;749;180;4;0;1
21;24;748;135;3;0;10;20;748;135;3;1;10
22;18;742;90;2;0;10;18;740;90;2;1;10
23;17;741;180;4;0;10;13;742;180;4;0;10
24;16;745;270;3;0;10;13;746;270;3;0;10
25;14;743;270;3;1;10;11;746;270;3;0;5
26;13;746;315;3;0;5;10;746;315;3;0;5
27;13;746;0;2;0;10;11;748;0;2;0;10
28;12;752;0;1;0;10;11;752;0;1;0;10
29;15;753;270;3;0;10;10;752;270;3;0;3
0;20;749;180;3;0;1;10;749;180;3;0;1
1;17;749;0;2;0;10;14;749;0;2;0;10
2;15;751;90;3;0;5;11;752;90;3;0;10
3;11;754;90;3;0;10;8;755;90;3;0;10
4;13;752;90;4;0;10;10;752;90;4;0;10
5;10;746;90;3;1;10;10;745;90;3;1;10
7;14;740;180;1;0;10;10;742;180;1;0;10
8;17;747;225;1;0;5;11;747;225;1;0;10
9;20;747;135;3;0;3;16;746;135;3;1;10
10;21;744;225;3;0;3;17;746;225;3;0;10
11;24;744;180;4;0;1;20;743;180;4;0;1
12;23;737;135;4;0;5;16;735;135;4;1;10
13;13;735;225;4;1;10;12;737;225;4;0;10
14;11;736;225;2;1;10;11;737;225;2;1;10
15;15;748;270;4;0;5;11;749;270;4;0;1
16;16;752;225;2;0;3;11;751;225;2;0;10
17;17;740;135;2;0;10;15;737;135;2;0;1
18;12;742;225;3;1;10;11;748;225;3;0;10
19;15;755;45;1;0;3;10;756;45;1;0;10
20;16;759;90;3;0;3;10;761;90;3;0;1
21;13;762;90;4;0;1;7;763;90;4;0;1
22;15;764;135;3;0;1;6;764;135;3;0;1
23;16;767;90;3;0;1;6;767;90;3;0;1
24;17;767;0;2;0;3;13;767;0;2;0;5
25;10;768;45;1;0;10;8;768;45;1;0;10
27;10;769;315;2;0;10;8;767;315;2;0;10
28;8;762;315;2;0;10;7;762;315;2;0;10
29;9;761;0;2;0;10;6;761;0;2;1;10
1;5;761;180;2;0;10;4;760;180;2;0;10
2;5;756;180;4;0;10;3;755;180;4;0;3
3;5;746;180;4;1;10;6;743;180;4;0;10
4;9;734;180;2;1;10;7;732;180;2;1;10
5;8;733;180;2;0;10;6;734;180;2;1;10
6;9;740;270;3;0;10;5;743;270;3;0;3
7;11;749;180;3;0;10;8;749;180;3;0;10
8;11;741;90;5;0;10;11;740;90;5;1;10
9;7;745;180;3;0;10;6;745;180;3;0;10
10;8;743;180;3;0;10;7;743;180;3;0;10
11;8;743;225;2;0;10;4;743;225;2;0;10
13;5;742;315;4;1;10;5;743;315;4;0;10
14;5;740;315;3;0;10;5;743;315;3;0;5
15;6;748;270;2;0;10;5;745;270;2;0;10
16;10;746;270;4;0;3;6;746;270;4;1;10
17;12;737;270;5;1;10;8;739;270;5;1;10
18;7;747;315;4;0;10;3;749;315;4;0;3
19;5;752;270;3;0;10;3;752;270;3;1;10
20;1;752;0;2;2;10;-5;752;0;2;0;1
21;1;749;270;3;2;10;0;749;270;3;2;10
22;-1;755;0;1;0;10;-1;758;0;1;2;10
23;-1;762;270;1;0;10;-1;762;270;1;0;10
24;1;761;135;1;0;10;-1;759;135;1;0;10
25;-1;749;135;5;0;10;-1;746;135;5;0;10
26;0;742;90;3;2;10;-1;743;90;3;2;10
27;0;737;180;2;0;10;0;734;180;2;2;10
28;4;724;135;4;1;10;4;725;135;4;0;10
29;6;726;90;2;1;10;3;726;90;2;1;10
30;0;725;0;4;2;10;0;728;0;4;2;10
0;-1;734;270;5;0;10;-2;735;270;5;0;3
1;-1;739;270;3;0;1;-8;740;270;3;0;1
2;-1;742;180;1;0;10;-2;743;180;1;0;10
3;2;748;180;2;0;10;2;749;180;2;2;10
4;5;751;225;2;0;10;4;752;225;2;0;10
5;8;753;225;3;0;10;8;752;225;3;0;10
6;6;755;315;3;0;3;1;758;315;3;0;1
7;5;761;270;2;0;1;0;761;270;2;0;10
8;-1;758;180;2;0;10;-1;755;180;2;0;10
9;2;746;180;3;1;10;2;746;180;3;0;10
10;5;742;180;4;0;10;5;740;180;4;1;10
11;3;738;180;3;0;3;1;739;180;3;0;5
12;3;746;180;3;0;10;1;746;180;3;0;10
13;0;742;270;3;0;10;0;745;270;3;0;10
14;2;746;270;2;1;10;1;749;270;2;1;10
15;1;749;225;4;0;10;1;746;225;4;1;10
16;2;746;225;3;0;10;1;746;225;3;0;10
17;0;743;135;2;2;10;0;742;135;2;2;10
18;1;744;180;2;0;10;0;745;180;2;0;10
19;0;744;45;1;0;10;-1;744;45;1;2;10
20;-2;746;0;2;2;10;-3;747;0;2;2;10
21;-5;753;315;2;0;10;-7;755;315;2;0;10
22;-7;754;180;2;2;10;-7;754;180;2;0;10
24;-3;754;180;2;0;10;-3;754;180;2;0;10
25;-4;752;180;3;0;3;-6;753;180;3;0;10
26;-3;755;135;3;2;10;-2;755;135;3;2;10
0;0;749;135;5;2;10;0;746;135;5;2;10
1;1;749;225;3;0;10;1;752;225;3;0;10
2;0;751;225;2;0;10;-3;750;225;2;0;1
3;-3;740;0;2;2;10;-4;739;0;2;2;10
4;-2;742;225;2;2;10;-5;743;225;2;0;5
5;-3;739;90;1;2;10;-5;740;90;1;2;10
6;-4;744;0;1;0;10;-6;746;0;1;0;10
7;-5;743;135;4;2;10;-4;742;135;4;2;10
8;0;744;180;1;0;10;0;745;180;1;0;10
9;0;742;135;3;2;10;1;741;135;3;2;10
10;1;740;135;3;1;10;1;741;135;3;2;10
11;-1;745;135;4;0;10;0;742;135;4;1;10
12;2;741;225;3;0;10;0;745;225;3;0;1
13;-4;744;90;1;0;10;-3;743;90;1;0;10
14;1;742;180;4;0;10;0;745;180;4;0;3
15;2;742;180;4;0;10;1;740;180;4;1;10
16;0;744;270;4;2;10;0;749;270;4;0;10
17;-1;756;0;1;0;10;-2;755;0;1;0;10
18;-2;753;45;2;2;10;-2;755;45;2;2;10
20;-2;754;225;3;2;10;-2;751;225;3;2;10
21;-3;746;225;3;2;10;-4;745;225;3;1;10
22;-3;740;225;2;2;10;-2;735;225;2;2;10
23;-2;722;270;4;2;10;-3;725;270;4;2;10
24;-4;737;315;4;2;10;-6;741;315;4;0;5
25;3;734;270;3;1;10;3;737;270;3;1;10
26;1;737;270;3;0;10;1;740;270;3;0;10
27;1;745;180;3;0;10;0;746;180;3;0;10
28;2;747;180;4;0;10;3;747;180;4;0;10
29;1;746;135;4;1;10;0;745;135;4;2;10
30;0;746;225;2;0;10;-1;746;225;2;0;10
